model_run_id,mbpp_id,pass
balanced,11,False
balanced,12,True
balanced,13,False
balanced,14,False
balanced,15,False
balanced,16,False
balanced,17,True
balanced,18,True
balanced,19,False
balanced,20,False
balanced,21,True
balanced,22,True
balanced,23,False
balanced,24,False
balanced,25,False
balanced,26,False
balanced,27,False
balanced,28,True
balanced,29,True
balanced,30,False
balanced,31,False
balanced,32,False
balanced,33,False
balanced,34,False
balanced,35,False
balanced,36,False
balanced,37,False
balanced,38,False
balanced,39,False
balanced,40,True
balanced,41,True
balanced,42,False
balanced,43,False
balanced,44,False
balanced,45,False
balanced,46,False
balanced,47,False
balanced,48,False
balanced,49,False
balanced,50,True
balanced,51,False
balanced,52,True
balanced,53,False
balanced,54,True
balanced,55,False
balanced,56,False
balanced,57,False
balanced,58,True
balanced,59,False
balanced,60,False
balanced,61,False
balanced,62,True
balanced,63,True
balanced,64,True
balanced,65,False
balanced,66,True
balanced,67,False
balanced,68,False
balanced,69,True
balanced,70,False
balanced,71,True
balanced,72,False
balanced,73,False
balanced,74,False
balanced,75,False
balanced,76,False
balanced,77,False
balanced,78,True
balanced,79,False
balanced,80,False
balanced,81,False
balanced,82,False
balanced,83,False
balanced,84,False
balanced,85,False
balanced,86,False
balanced,87,False
balanced,88,True
balanced,89,False
balanced,90,True
balanced,91,False
balanced,92,True
balanced,93,True
balanced,94,True
balanced,95,True
balanced,96,True
balanced,97,False
balanced,98,False
balanced,99,False
balanced,100,False
balanced,101,False
balanced,102,True
balanced,103,False
balanced,104,True
balanced,105,True
balanced,106,False
balanced,107,False
balanced,108,False
balanced,109,False
balanced,110,False
balanced,111,True
balanced,112,False
balanced,113,False
balanced,114,False
balanced,115,True
balanced,116,True
balanced,117,False
balanced,118,True
balanced,119,False
balanced,120,False
balanced,121,False
balanced,122,False
balanced,123,False
balanced,124,False
balanced,125,False
balanced,126,False
balanced,127,True
balanced,128,False
balanced,129,False
balanced,130,True
balanced,131,True
balanced,132,True
balanced,133,True
balanced,134,False
balanced,135,False
balanced,136,False
balanced,137,False
balanced,138,False
balanced,139,False
balanced,140,False
balanced,141,False
balanced,142,False
balanced,143,False
balanced,144,True
balanced,145,False
balanced,146,False
balanced,147,False
balanced,148,False
balanced,149,False
balanced,150,False
balanced,151,True
balanced,152,False
balanced,153,False
balanced,154,False
balanced,155,False
balanced,156,False
balanced,157,False
balanced,158,False
balanced,159,False
balanced,160,False
balanced,161,True
balanced,162,False
balanced,163,True
balanced,164,False
balanced,165,False
balanced,166,True
balanced,167,False
balanced,168,True
balanced,169,True
balanced,170,False
balanced,171,True
balanced,172,False
balanced,173,True
balanced,174,True
balanced,175,True
balanced,176,True
balanced,177,False
balanced,178,False
balanced,179,False
balanced,180,False
balanced,181,False
balanced,182,False
balanced,183,False
balanced,184,True
balanced,185,False
balanced,186,False
balanced,187,False
balanced,188,False
balanced,189,False
balanced,190,False
balanced,191,True
balanced,192,False
balanced,193,False
balanced,194,True
balanced,195,False
balanced,196,True
balanced,197,False
balanced,198,False
balanced,199,False
balanced,200,False
balanced,201,True
balanced,202,False
balanced,203,False
balanced,204,True
balanced,205,False
balanced,206,False
balanced,207,False
balanced,208,False
balanced,209,False
balanced,210,False
balanced,211,False
balanced,212,False
balanced,213,False
balanced,214,False
balanced,215,False
balanced,216,False
balanced,217,True
balanced,218,False
balanced,219,False
balanced,220,False
balanced,221,True
balanced,222,True
balanced,223,False
balanced,224,True
balanced,225,False
balanced,226,True
balanced,227,False
balanced,228,False
balanced,229,False
balanced,230,False
balanced,231,False
balanced,232,True
balanced,233,False
balanced,234,True
balanced,235,True
balanced,236,False
balanced,237,False
balanced,238,True
balanced,239,False
balanced,240,False
balanced,241,False
balanced,242,True
balanced,243,False
balanced,244,False
balanced,245,False
balanced,246,False
balanced,247,False
balanced,248,True
balanced,249,True
balanced,250,True
balanced,251,False
balanced,252,False
balanced,253,False
balanced,254,False
balanced,255,False
balanced,256,False
balanced,257,True
balanced,258,True
balanced,259,False
balanced,260,False
balanced,261,False
balanced,262,True
balanced,263,False
balanced,264,True
balanced,265,False
balanced,266,True
balanced,267,False
balanced,268,False
balanced,269,True
balanced,270,True
balanced,271,False
balanced,272,False
balanced,273,True
balanced,274,False
balanced,275,False
balanced,276,False
balanced,277,True
balanced,278,False
balanced,279,False
balanced,280,True
balanced,281,False
balanced,282,True
balanced,283,False
balanced,284,True
balanced,285,False
balanced,286,False
balanced,287,False
balanced,288,False
balanced,289,False
balanced,290,False
balanced,291,False
balanced,292,True
balanced,293,True
balanced,294,False
balanced,295,False
balanced,296,False
balanced,297,True
balanced,298,False
balanced,299,False
balanced,300,False
balanced,301,False
balanced,302,False
balanced,303,False
balanced,304,False
balanced,305,False
balanced,306,False
balanced,307,False
balanced,308,False
balanced,309,True
balanced,310,False
balanced,311,False
balanced,312,False
balanced,313,False
balanced,314,False
balanced,315,False
balanced,316,False
balanced,317,False
balanced,318,False
balanced,319,False
balanced,320,False
balanced,321,False
balanced,322,False
balanced,323,False
balanced,324,False
balanced,325,False
balanced,326,False
balanced,327,True
balanced,328,False
balanced,329,True
balanced,330,True
balanced,331,True
balanced,332,True
balanced,333,False
balanced,334,True
balanced,335,False
balanced,336,False
balanced,337,False
balanced,338,False
balanced,339,False
balanced,340,False
balanced,341,False
balanced,342,False
balanced,343,False
balanced,344,False
balanced,345,False
balanced,346,False
balanced,347,False
balanced,348,False
balanced,349,False
balanced,350,False
balanced,351,False
balanced,352,False
balanced,353,False
balanced,354,False
balanced,355,False
balanced,356,True
balanced,357,True
balanced,358,True
balanced,359,False
balanced,360,False
balanced,361,True
balanced,362,True
balanced,363,True
balanced,364,False
balanced,365,True
balanced,366,True
balanced,367,False
balanced,368,False
balanced,369,False
balanced,370,False
balanced,371,False
balanced,372,False
balanced,373,True
balanced,374,False
balanced,375,False
balanced,376,False
balanced,377,True
balanced,378,False
balanced,379,True
balanced,380,False
balanced,381,True
balanced,382,False
balanced,383,False
balanced,384,False
balanced,385,False
balanced,386,False
balanced,387,False
balanced,388,False
balanced,389,True
balanced,390,False
balanced,391,False
balanced,392,False
balanced,393,False
balanced,394,True
balanced,395,True
balanced,396,False
balanced,397,False
balanced,398,False
balanced,399,True
balanced,400,False
balanced,401,False
balanced,402,False
balanced,403,False
balanced,404,True
balanced,405,True
balanced,406,False
balanced,407,False
balanced,408,False
balanced,409,True
balanced,410,False
balanced,411,False
balanced,412,True
balanced,413,False
balanced,414,True
balanced,415,False
balanced,416,False
balanced,417,False
balanced,418,True
balanced,419,False
balanced,420,False
balanced,421,False
balanced,422,True
balanced,423,False
balanced,424,True
balanced,425,True
balanced,426,True
balanced,427,False
balanced,428,True
balanced,429,True
balanced,430,False
balanced,431,False
balanced,432,False
balanced,433,False
balanced,434,False
balanced,435,False
balanced,436,False
balanced,437,False
balanced,438,False
balanced,439,False
balanced,440,False
balanced,441,True
balanced,442,False
balanced,443,False
balanced,444,False
balanced,445,False
balanced,446,False
balanced,447,False
balanced,448,False
balanced,449,False
balanced,450,False
balanced,451,False
balanced,452,False
balanced,453,False
balanced,454,False
balanced,455,False
balanced,456,True
balanced,457,False
balanced,458,True
balanced,459,False
balanced,460,False
balanced,461,False
balanced,462,False
balanced,463,False
balanced,464,True
balanced,465,True
balanced,466,False
balanced,467,False
balanced,468,False
balanced,469,False
balanced,470,False
balanced,471,False
balanced,472,True
balanced,473,False
balanced,474,False
balanced,475,False
balanced,476,True
balanced,477,False
balanced,478,True
balanced,479,False
balanced,480,True
balanced,481,False
balanced,482,False
balanced,483,False
balanced,484,False
balanced,485,False
balanced,486,False
balanced,487,True
balanced,488,False
balanced,489,False
balanced,490,False
balanced,491,True
balanced,492,True
balanced,493,False
balanced,494,True
balanced,495,False
balanced,496,False
balanced,497,False
balanced,498,True
balanced,499,False
balanced,500,False
balanced,501,False
balanced,502,True
balanced,503,False
balanced,504,True
balanced,505,True
balanced,506,False
balanced,507,False
balanced,508,False
balanced,509,False
balanced,510,False
balanced,511,False
balanced,512,True
balanced,513,True
balanced,514,True
balanced,515,False
balanced,516,False
balanced,517,True
balanced,518,False
balanced,519,False
balanced,520,False
balanced,521,False
balanced,522,False
balanced,523,False
balanced,524,False
balanced,525,False
balanced,526,True
balanced,527,False
balanced,528,False
balanced,529,False
balanced,530,False
balanced,531,True
balanced,532,True
balanced,533,True
balanced,534,False
balanced,535,False
balanced,536,False
balanced,537,False
balanced,538,False
balanced,539,False
balanced,540,True
balanced,541,True
balanced,542,False
balanced,543,True
balanced,544,False
balanced,545,False
balanced,546,False
balanced,547,False
balanced,548,True
balanced,549,True
balanced,550,True
balanced,551,True
balanced,552,False
balanced,553,False
balanced,554,False
balanced,555,False
balanced,556,True
balanced,557,False
balanced,558,False
balanced,559,False
balanced,560,False
balanced,561,False
balanced,562,False
balanced,563,False
balanced,564,True
balanced,565,True
balanced,566,True
balanced,567,True
balanced,568,False
balanced,569,False
balanced,570,False
balanced,571,False
balanced,572,False
balanced,573,False
balanced,574,False
balanced,575,False
balanced,576,False
balanced,577,True
balanced,578,True
balanced,579,False
balanced,580,False
balanced,581,False
balanced,582,True
balanced,583,False
balanced,584,False
balanced,585,False
balanced,586,False
balanced,587,True
balanced,588,True
balanced,589,False
balanced,590,False
balanced,591,True
balanced,592,False
balanced,593,False
balanced,594,False
balanced,595,False
balanced,596,False
balanced,597,False
balanced,598,True
balanced,599,False
balanced,600,False
easy_heavy,11,False
easy_heavy,12,False
easy_heavy,13,False
easy_heavy,14,False
easy_heavy,15,False
easy_heavy,16,False
easy_heavy,17,True
easy_heavy,18,True
easy_heavy,19,False
easy_heavy,20,False
easy_heavy,21,True
easy_heavy,22,True
easy_heavy,23,True
easy_heavy,24,True
easy_heavy,25,True
easy_heavy,26,False
easy_heavy,27,False
easy_heavy,28,True
easy_heavy,29,False
easy_heavy,30,False
easy_heavy,31,False
easy_heavy,32,False
easy_heavy,33,False
easy_heavy,34,True
easy_heavy,35,False
easy_heavy,36,False
easy_heavy,37,False
easy_heavy,38,False
easy_heavy,39,False
easy_heavy,40,False
easy_heavy,41,True
easy_heavy,42,False
easy_heavy,43,False
easy_heavy,44,False
easy_heavy,45,False
easy_heavy,46,False
easy_heavy,47,False
easy_heavy,48,False
easy_heavy,49,True
easy_heavy,50,False
easy_heavy,51,False
easy_heavy,52,True
easy_heavy,53,True
easy_heavy,54,True
easy_heavy,55,False
easy_heavy,56,True
easy_heavy,57,False
easy_heavy,58,True
easy_heavy,59,False
easy_heavy,60,False
easy_heavy,61,False
easy_heavy,62,True
easy_heavy,63,False
easy_heavy,64,False
easy_heavy,65,True
easy_heavy,66,True
easy_heavy,67,False
easy_heavy,68,False
easy_heavy,69,False
easy_heavy,70,False
easy_heavy,71,False
easy_heavy,72,False
easy_heavy,73,False
easy_heavy,74,False
easy_heavy,75,False
easy_heavy,76,False
easy_heavy,77,False
easy_heavy,78,False
easy_heavy,79,False
easy_heavy,80,False
easy_heavy,81,False
easy_heavy,82,False
easy_heavy,83,False
easy_heavy,84,True
easy_heavy,85,False
easy_heavy,86,False
easy_heavy,87,False
easy_heavy,88,True
easy_heavy,89,False
easy_heavy,90,True
easy_heavy,91,False
easy_heavy,92,False
easy_heavy,93,True
easy_heavy,94,False
easy_heavy,95,True
easy_heavy,96,True
easy_heavy,97,True
easy_heavy,98,True
easy_heavy,99,True
easy_heavy,100,True
easy_heavy,101,False
easy_heavy,102,True
easy_heavy,103,False
easy_heavy,104,True
easy_heavy,105,True
easy_heavy,106,False
easy_heavy,107,False
easy_heavy,108,False
easy_heavy,109,False
easy_heavy,110,False
easy_heavy,111,False
easy_heavy,112,False
easy_heavy,113,True
easy_heavy,114,False
easy_heavy,115,False
easy_heavy,116,True
easy_heavy,117,False
easy_heavy,118,True
easy_heavy,119,False
easy_heavy,120,False
easy_heavy,121,False
easy_heavy,122,False
easy_heavy,123,False
easy_heavy,124,False
easy_heavy,125,False
easy_heavy,126,False
easy_heavy,127,True
easy_heavy,128,False
easy_heavy,129,True
easy_heavy,130,True
easy_heavy,131,True
easy_heavy,132,True
easy_heavy,133,False
easy_heavy,134,False
easy_heavy,135,True
easy_heavy,136,False
easy_heavy,137,False
easy_heavy,138,False
easy_heavy,139,False
easy_heavy,140,False
easy_heavy,141,True
easy_heavy,142,False
easy_heavy,143,False
easy_heavy,144,False
easy_heavy,145,False
easy_heavy,146,False
easy_heavy,147,False
easy_heavy,148,False
easy_heavy,149,False
easy_heavy,150,False
easy_heavy,151,False
easy_heavy,152,True
easy_heavy,153,False
easy_heavy,154,False
easy_heavy,155,False
easy_heavy,156,False
easy_heavy,157,False
easy_heavy,158,False
easy_heavy,159,False
easy_heavy,160,False
easy_heavy,161,True
easy_heavy,162,False
easy_heavy,163,False
easy_heavy,164,False
easy_heavy,165,False
easy_heavy,166,False
easy_heavy,167,False
easy_heavy,168,False
easy_heavy,169,False
easy_heavy,170,True
easy_heavy,171,True
easy_heavy,172,False
easy_heavy,173,False
easy_heavy,174,True
easy_heavy,175,False
easy_heavy,176,True
easy_heavy,177,False
easy_heavy,178,False
easy_heavy,179,False
easy_heavy,180,False
easy_heavy,181,False
easy_heavy,182,False
easy_heavy,183,False
easy_heavy,184,False
easy_heavy,185,False
easy_heavy,186,False
easy_heavy,187,False
easy_heavy,188,False
easy_heavy,189,False
easy_heavy,190,False
easy_heavy,191,False
easy_heavy,192,False
easy_heavy,193,False
easy_heavy,194,False
easy_heavy,195,False
easy_heavy,196,False
easy_heavy,197,True
easy_heavy,198,False
easy_heavy,199,False
easy_heavy,200,True
easy_heavy,201,True
easy_heavy,202,False
easy_heavy,203,False
easy_heavy,204,False
easy_heavy,205,False
easy_heavy,206,True
easy_heavy,207,False
easy_heavy,208,False
easy_heavy,209,False
easy_heavy,210,False
easy_heavy,211,False
easy_heavy,212,True
easy_heavy,213,True
easy_heavy,214,False
easy_heavy,215,False
easy_heavy,216,False
easy_heavy,217,True
easy_heavy,218,False
easy_heavy,219,False
easy_heavy,220,False
easy_heavy,221,True
easy_heavy,222,True
easy_heavy,223,True
easy_heavy,224,False
easy_heavy,225,True
easy_heavy,226,True
easy_heavy,227,True
easy_heavy,228,True
easy_heavy,229,False
easy_heavy,230,True
easy_heavy,231,False
easy_heavy,232,True
easy_heavy,233,False
easy_heavy,234,True
easy_heavy,235,False
easy_heavy,236,False
easy_heavy,237,False
easy_heavy,238,True
easy_heavy,239,False
easy_heavy,240,False
easy_heavy,241,False
easy_heavy,242,True
easy_heavy,243,False
easy_heavy,244,False
easy_heavy,245,False
easy_heavy,246,True
easy_heavy,247,False
easy_heavy,248,True
easy_heavy,249,False
easy_heavy,250,True
easy_heavy,251,False
easy_heavy,252,True
easy_heavy,253,True
easy_heavy,254,False
easy_heavy,255,False
easy_heavy,256,True
easy_heavy,257,True
easy_heavy,258,True
easy_heavy,259,False
easy_heavy,260,False
easy_heavy,261,False
easy_heavy,262,True
easy_heavy,263,False
easy_heavy,264,True
easy_heavy,265,False
easy_heavy,266,True
easy_heavy,267,False
easy_heavy,268,False
easy_heavy,269,True
easy_heavy,270,True
easy_heavy,271,True
easy_heavy,272,False
easy_heavy,273,True
easy_heavy,274,False
easy_heavy,275,False
easy_heavy,276,False
easy_heavy,277,True
easy_heavy,278,False
easy_heavy,279,False
easy_heavy,280,True
easy_heavy,281,True
easy_heavy,282,False
easy_heavy,283,False
easy_heavy,284,True
easy_heavy,285,False
easy_heavy,286,False
easy_heavy,287,False
easy_heavy,288,False
easy_heavy,289,False
easy_heavy,290,False
easy_heavy,291,False
easy_heavy,292,False
easy_heavy,293,False
easy_heavy,294,False
easy_heavy,295,False
easy_heavy,296,True
easy_heavy,297,True
easy_heavy,298,False
easy_heavy,299,False
easy_heavy,300,False
easy_heavy,301,False
easy_heavy,302,False
easy_heavy,303,False
easy_heavy,304,False
easy_heavy,305,False
easy_heavy,306,False
easy_heavy,307,False
easy_heavy,308,False
easy_heavy,309,True
easy_heavy,310,False
easy_heavy,311,False
easy_heavy,312,False
easy_heavy,313,False
easy_heavy,314,False
easy_heavy,315,False
easy_heavy,316,False
easy_heavy,317,False
easy_heavy,318,True
easy_heavy,319,False
easy_heavy,320,False
easy_heavy,321,False
easy_heavy,322,True
easy_heavy,323,False
easy_heavy,324,False
easy_heavy,325,False
easy_heavy,326,False
easy_heavy,327,True
easy_heavy,328,False
easy_heavy,329,False
easy_heavy,330,False
easy_heavy,331,False
easy_heavy,332,True
easy_heavy,333,False
easy_heavy,334,False
easy_heavy,335,False
easy_heavy,336,False
easy_heavy,337,False
easy_heavy,338,False
easy_heavy,339,False
easy_heavy,340,False
easy_heavy,341,False
easy_heavy,342,False
easy_heavy,343,False
easy_heavy,344,False
easy_heavy,345,False
easy_heavy,346,False
easy_heavy,347,False
easy_heavy,348,False
easy_heavy,349,False
easy_heavy,350,False
easy_heavy,351,False
easy_heavy,352,False
easy_heavy,353,False
easy_heavy,354,False
easy_heavy,355,False
easy_heavy,356,False
easy_heavy,357,True
easy_heavy,358,True
easy_heavy,359,False
easy_heavy,360,False
easy_heavy,361,True
easy_heavy,362,False
easy_heavy,363,True
easy_heavy,364,False
easy_heavy,365,True
easy_heavy,366,True
easy_heavy,367,False
easy_heavy,368,True
easy_heavy,369,True
easy_heavy,370,False
easy_heavy,371,False
easy_heavy,372,False
easy_heavy,373,True
easy_heavy,374,False
easy_heavy,375,False
easy_heavy,376,False
easy_heavy,377,False
easy_heavy,378,True
easy_heavy,379,False
easy_heavy,380,False
easy_heavy,381,True
easy_heavy,382,False
easy_heavy,383,False
easy_heavy,384,False
easy_heavy,385,False
easy_heavy,386,False
easy_heavy,387,False
easy_heavy,388,False
easy_heavy,389,False
easy_heavy,390,False
easy_heavy,391,False
easy_heavy,392,False
easy_heavy,393,False
easy_heavy,394,False
easy_heavy,395,False
easy_heavy,396,False
easy_heavy,397,True
easy_heavy,398,False
easy_heavy,399,True
easy_heavy,400,False
easy_heavy,401,False
easy_heavy,402,False
easy_heavy,403,False
easy_heavy,404,True
easy_heavy,405,False
easy_heavy,406,True
easy_heavy,407,False
easy_heavy,408,False
easy_heavy,409,False
easy_heavy,410,True
easy_heavy,411,False
easy_heavy,412,False
easy_heavy,413,True
easy_heavy,414,True
easy_heavy,415,False
easy_heavy,416,False
easy_heavy,417,False
easy_heavy,418,True
easy_heavy,419,True
easy_heavy,420,False
easy_heavy,421,False
easy_heavy,422,False
easy_heavy,423,False
easy_heavy,424,True
easy_heavy,425,True
easy_heavy,426,True
easy_heavy,427,False
easy_heavy,428,True
easy_heavy,429,False
easy_heavy,430,False
easy_heavy,431,False
easy_heavy,432,False
easy_heavy,433,False
easy_heavy,434,False
easy_heavy,435,True
easy_heavy,436,True
easy_heavy,437,False
easy_heavy,438,False
easy_heavy,439,True
easy_heavy,440,False
easy_heavy,441,True
easy_heavy,442,False
easy_heavy,443,False
easy_heavy,444,False
easy_heavy,445,False
easy_heavy,446,False
easy_heavy,447,True
easy_heavy,448,False
easy_heavy,449,False
easy_heavy,450,False
easy_heavy,451,False
easy_heavy,452,False
easy_heavy,453,False
easy_heavy,454,False
easy_heavy,455,False
easy_heavy,456,True
easy_heavy,457,True
easy_heavy,458,True
easy_heavy,459,False
easy_heavy,460,True
easy_heavy,461,False
easy_heavy,462,False
easy_heavy,463,False
easy_heavy,464,True
easy_heavy,465,True
easy_heavy,466,False
easy_heavy,467,False
easy_heavy,468,False
easy_heavy,469,False
easy_heavy,470,False
easy_heavy,471,False
easy_heavy,472,False
easy_heavy,473,False
easy_heavy,474,True
easy_heavy,475,False
easy_heavy,476,True
easy_heavy,477,True
easy_heavy,478,False
easy_heavy,479,True
easy_heavy,480,True
easy_heavy,481,False
easy_heavy,482,False
easy_heavy,483,False
easy_heavy,484,True
easy_heavy,485,False
easy_heavy,486,False
easy_heavy,487,True
easy_heavy,488,False
easy_heavy,489,False
easy_heavy,490,False
easy_heavy,491,False
easy_heavy,492,False
easy_heavy,493,False
easy_heavy,494,True
easy_heavy,495,True
easy_heavy,496,False
easy_heavy,497,False
easy_heavy,498,True
easy_heavy,499,True
easy_heavy,500,False
easy_heavy,501,False
easy_heavy,502,True
easy_heavy,503,False
easy_heavy,504,False
easy_heavy,505,True
easy_heavy,506,False
easy_heavy,507,True
easy_heavy,508,False
easy_heavy,509,False
easy_heavy,510,False
easy_heavy,511,True
easy_heavy,512,True
easy_heavy,513,False
easy_heavy,514,False
easy_heavy,515,False
easy_heavy,516,True
easy_heavy,517,True
easy_heavy,518,True
easy_heavy,519,False
easy_heavy,520,False
easy_heavy,521,False
easy_heavy,522,False
easy_heavy,523,False
easy_heavy,524,False
easy_heavy,525,False
easy_heavy,526,False
easy_heavy,527,False
easy_heavy,528,False
easy_heavy,529,False
easy_heavy,530,False
easy_heavy,531,False
easy_heavy,532,False
easy_heavy,533,False
easy_heavy,534,False
easy_heavy,535,False
easy_heavy,536,False
easy_heavy,537,False
easy_heavy,538,False
easy_heavy,539,False
easy_heavy,540,False
easy_heavy,541,False
easy_heavy,542,False
easy_heavy,543,False
easy_heavy,544,True
easy_heavy,545,False
easy_heavy,546,True
easy_heavy,547,False
easy_heavy,548,True
easy_heavy,549,True
easy_heavy,550,True
easy_heavy,551,True
easy_heavy,552,False
easy_heavy,553,False
easy_heavy,554,True
easy_heavy,555,False
easy_heavy,556,True
easy_heavy,557,False
easy_heavy,558,False
easy_heavy,559,False
easy_heavy,560,True
easy_heavy,561,False
easy_heavy,562,True
easy_heavy,563,False
easy_heavy,564,False
easy_heavy,565,True
easy_heavy,566,True
easy_heavy,567,True
easy_heavy,568,False
easy_heavy,569,True
easy_heavy,570,False
easy_heavy,571,False
easy_heavy,572,False
easy_heavy,573,False
easy_heavy,574,False
easy_heavy,575,False
easy_heavy,576,False
easy_heavy,577,False
easy_heavy,578,False
easy_heavy,579,False
easy_heavy,580,False
easy_heavy,581,False
easy_heavy,582,True
easy_heavy,583,True
easy_heavy,584,False
easy_heavy,585,False
easy_heavy,586,False
easy_heavy,587,True
easy_heavy,588,True
easy_heavy,589,True
easy_heavy,590,False
easy_heavy,591,True
easy_heavy,592,False
easy_heavy,593,False
easy_heavy,594,False
easy_heavy,595,False
easy_heavy,596,False
easy_heavy,597,False
easy_heavy,598,True
easy_heavy,599,True
easy_heavy,600,True
hard_heavy,11,False
hard_heavy,12,False
hard_heavy,13,False
hard_heavy,14,True
hard_heavy,15,False
hard_heavy,16,False
hard_heavy,17,True
hard_heavy,18,True
hard_heavy,19,True
hard_heavy,20,False
hard_heavy,21,False
hard_heavy,22,True
hard_heavy,23,True
hard_heavy,24,True
hard_heavy,25,False
hard_heavy,26,False
hard_heavy,27,True
hard_heavy,28,False
hard_heavy,29,True
hard_heavy,30,False
hard_heavy,31,False
hard_heavy,32,False
hard_heavy,33,False
hard_heavy,34,False
hard_heavy,35,False
hard_heavy,36,False
hard_heavy,37,False
hard_heavy,38,False
hard_heavy,39,False
hard_heavy,40,False
hard_heavy,41,True
hard_heavy,42,False
hard_heavy,43,False
hard_heavy,44,True
hard_heavy,45,True
hard_heavy,46,True
hard_heavy,47,False
hard_heavy,48,False
hard_heavy,49,False
hard_heavy,50,True
hard_heavy,51,True
hard_heavy,52,True
hard_heavy,53,False
hard_heavy,54,True
hard_heavy,55,False
hard_heavy,56,False
hard_heavy,57,False
hard_heavy,58,False
hard_heavy,59,False
hard_heavy,60,False
hard_heavy,61,False
hard_heavy,62,True
hard_heavy,63,False
hard_heavy,64,False
hard_heavy,65,False
hard_heavy,66,True
hard_heavy,67,False
hard_heavy,68,False
hard_heavy,69,True
hard_heavy,70,False
hard_heavy,71,True
hard_heavy,72,False
hard_heavy,73,False
hard_heavy,74,False
hard_heavy,75,False
hard_heavy,76,False
hard_heavy,77,False
hard_heavy,78,False
hard_heavy,79,True
hard_heavy,80,True
hard_heavy,81,False
hard_heavy,82,False
hard_heavy,83,False
hard_heavy,84,False
hard_heavy,85,False
hard_heavy,86,False
hard_heavy,87,False
hard_heavy,88,True
hard_heavy,89,True
hard_heavy,90,True
hard_heavy,91,False
hard_heavy,92,False
hard_heavy,93,True
hard_heavy,94,False
hard_heavy,95,True
hard_heavy,96,True
hard_heavy,97,True
hard_heavy,98,True
hard_heavy,99,True
hard_heavy,100,False
hard_heavy,101,False
hard_heavy,102,False
hard_heavy,103,False
hard_heavy,104,True
hard_heavy,105,True
hard_heavy,106,True
hard_heavy,107,False
hard_heavy,108,False
hard_heavy,109,False
hard_heavy,110,False
hard_heavy,111,False
hard_heavy,112,False
hard_heavy,113,True
hard_heavy,114,False
hard_heavy,115,False
hard_heavy,116,True
hard_heavy,117,False
hard_heavy,118,False
hard_heavy,119,False
hard_heavy,120,False
hard_heavy,121,False
hard_heavy,122,False
hard_heavy,123,False
hard_heavy,124,False
hard_heavy,125,False
hard_heavy,126,False
hard_heavy,127,True
hard_heavy,128,False
hard_heavy,129,False
hard_heavy,130,False
hard_heavy,131,True
hard_heavy,132,True
hard_heavy,133,True
hard_heavy,134,False
hard_heavy,135,False
hard_heavy,136,False
hard_heavy,137,False
hard_heavy,138,False
hard_heavy,139,False
hard_heavy,140,False
hard_heavy,141,False
hard_heavy,142,True
hard_heavy,143,False
hard_heavy,144,False
hard_heavy,145,False
hard_heavy,146,False
hard_heavy,147,False
hard_heavy,148,False
hard_heavy,149,False
hard_heavy,150,False
hard_heavy,151,False
hard_heavy,152,False
hard_heavy,153,False
hard_heavy,154,False
hard_heavy,155,False
hard_heavy,156,False
hard_heavy,157,False
hard_heavy,158,False
hard_heavy,159,False
hard_heavy,160,False
hard_heavy,161,True
hard_heavy,162,False
hard_heavy,163,False
hard_heavy,164,False
hard_heavy,165,False
hard_heavy,166,True
hard_heavy,167,False
hard_heavy,168,False
hard_heavy,169,False
hard_heavy,170,True
hard_heavy,171,True
hard_heavy,172,False
hard_heavy,173,True
hard_heavy,174,True
hard_heavy,175,True
hard_heavy,176,False
hard_heavy,177,False
hard_heavy,178,False
hard_heavy,179,False
hard_heavy,180,False
hard_heavy,181,False
hard_heavy,182,False
hard_heavy,183,False
hard_heavy,184,False
hard_heavy,185,False
hard_heavy,186,False
hard_heavy,187,False
hard_heavy,188,False
hard_heavy,189,True
hard_heavy,190,False
hard_heavy,191,True
hard_heavy,192,False
hard_heavy,193,False
hard_heavy,194,True
hard_heavy,195,False
hard_heavy,196,True
hard_heavy,197,True
hard_heavy,198,False
hard_heavy,199,False
hard_heavy,200,True
hard_heavy,201,True
hard_heavy,202,False
hard_heavy,203,False
hard_heavy,204,True
hard_heavy,205,False
hard_heavy,206,False
hard_heavy,207,True
hard_heavy,208,False
hard_heavy,209,False
hard_heavy,210,False
hard_heavy,211,False
hard_heavy,212,True
hard_heavy,213,False
hard_heavy,214,False
hard_heavy,215,False
hard_heavy,216,False
hard_heavy,217,True
hard_heavy,218,False
hard_heavy,219,False
hard_heavy,220,False
hard_heavy,221,True
hard_heavy,222,False
hard_heavy,223,True
hard_heavy,224,True
hard_heavy,225,False
hard_heavy,226,True
hard_heavy,227,True
hard_heavy,228,False
hard_heavy,229,False
hard_heavy,230,True
hard_heavy,231,False
hard_heavy,232,True
hard_heavy,233,False
hard_heavy,234,True
hard_heavy,235,False
hard_heavy,236,False
hard_heavy,237,False
hard_heavy,238,True
hard_heavy,239,False
hard_heavy,240,False
hard_heavy,241,False
hard_heavy,242,True
hard_heavy,243,False
hard_heavy,244,False
hard_heavy,245,False
hard_heavy,246,False
hard_heavy,247,False
hard_heavy,248,True
hard_heavy,249,True
hard_heavy,250,True
hard_heavy,251,False
hard_heavy,252,False
hard_heavy,253,True
hard_heavy,254,False
hard_heavy,255,False
hard_heavy,256,False
hard_heavy,257,True
hard_heavy,258,True
hard_heavy,259,False
hard_heavy,260,False
hard_heavy,261,True
hard_heavy,262,False
hard_heavy,263,True
hard_heavy,264,False
hard_heavy,265,False
hard_heavy,266,True
hard_heavy,267,False
hard_heavy,268,False
hard_heavy,269,True
hard_heavy,270,True
hard_heavy,271,False
hard_heavy,272,False
hard_heavy,273,True
hard_heavy,274,False
hard_heavy,275,False
hard_heavy,276,False
hard_heavy,277,True
hard_heavy,278,False
hard_heavy,279,False
hard_heavy,280,True
hard_heavy,281,True
hard_heavy,282,False
hard_heavy,283,False
hard_heavy,284,True
hard_heavy,285,False
hard_heavy,286,False
hard_heavy,287,True
hard_heavy,288,False
hard_heavy,289,False
hard_heavy,290,False
hard_heavy,291,False
hard_heavy,292,True
hard_heavy,293,True
hard_heavy,294,True
hard_heavy,295,False
hard_heavy,296,False
hard_heavy,297,True
hard_heavy,298,False
hard_heavy,299,False
hard_heavy,300,False
hard_heavy,301,False
hard_heavy,302,False
hard_heavy,303,False
hard_heavy,304,False
hard_heavy,305,False
hard_heavy,306,False
hard_heavy,307,False
hard_heavy,308,False
hard_heavy,309,True
hard_heavy,310,False
hard_heavy,311,False
hard_heavy,312,False
hard_heavy,313,False
hard_heavy,314,False
hard_heavy,315,False
hard_heavy,316,True
hard_heavy,317,False
hard_heavy,318,False
hard_heavy,319,False
hard_heavy,320,True
hard_heavy,321,False
hard_heavy,322,False
hard_heavy,323,False
hard_heavy,324,False
hard_heavy,325,False
hard_heavy,326,False
hard_heavy,327,True
hard_heavy,328,False
hard_heavy,329,True
hard_heavy,330,False
hard_heavy,331,True
hard_heavy,332,True
hard_heavy,333,True
hard_heavy,334,False
hard_heavy,335,False
hard_heavy,336,False
hard_heavy,337,False
hard_heavy,338,False
hard_heavy,339,False
hard_heavy,340,False
hard_heavy,341,False
hard_heavy,342,False
hard_heavy,343,False
hard_heavy,344,False
hard_heavy,345,True
hard_heavy,346,False
hard_heavy,347,False
hard_heavy,348,False
hard_heavy,349,False
hard_heavy,350,False
hard_heavy,351,False
hard_heavy,352,True
hard_heavy,353,False
hard_heavy,354,False
hard_heavy,355,False
hard_heavy,356,True
hard_heavy,357,False
hard_heavy,358,True
hard_heavy,359,False
hard_heavy,360,False
hard_heavy,361,False
hard_heavy,362,True
hard_heavy,363,False
hard_heavy,364,False
hard_heavy,365,False
hard_heavy,366,True
hard_heavy,367,False
hard_heavy,368,False
hard_heavy,369,False
hard_heavy,370,False
hard_heavy,371,False
hard_heavy,372,False
hard_heavy,373,True
hard_heavy,374,False
hard_heavy,375,False
hard_heavy,376,False
hard_heavy,377,True
hard_heavy,378,False
hard_heavy,379,True
hard_heavy,380,False
hard_heavy,381,True
hard_heavy,382,False
hard_heavy,383,False
hard_heavy,384,True
hard_heavy,385,False
hard_heavy,386,False
hard_heavy,387,False
hard_heavy,388,False
hard_heavy,389,True
hard_heavy,390,False
hard_heavy,391,False
hard_heavy,392,False
hard_heavy,393,False
hard_heavy,394,True
hard_heavy,395,True
hard_heavy,396,False
hard_heavy,397,False
hard_heavy,398,False
hard_heavy,399,True
hard_heavy,400,False
hard_heavy,401,False
hard_heavy,402,False
hard_heavy,403,False
hard_heavy,404,True
hard_heavy,405,False
hard_heavy,406,False
hard_heavy,407,False
hard_heavy,408,False
hard_heavy,409,True
hard_heavy,410,False
hard_heavy,411,True
hard_heavy,412,True
hard_heavy,413,True
hard_heavy,414,True
hard_heavy,415,False
hard_heavy,416,False
hard_heavy,417,False
hard_heavy,418,True
hard_heavy,419,True
hard_heavy,420,False
hard_heavy,421,False
hard_heavy,422,False
hard_heavy,423,False
hard_heavy,424,True
hard_heavy,425,True
hard_heavy,426,True
hard_heavy,427,False
hard_heavy,428,True
hard_heavy,429,False
hard_heavy,430,False
hard_heavy,431,False
hard_heavy,432,False
hard_heavy,433,True
hard_heavy,434,False
hard_heavy,435,True
hard_heavy,436,True
hard_heavy,437,False
hard_heavy,438,False
hard_heavy,439,True
hard_heavy,440,False
hard_heavy,441,True
hard_heavy,442,False
hard_heavy,443,False
hard_heavy,444,False
hard_heavy,445,False
hard_heavy,446,True
hard_heavy,447,True
hard_heavy,448,False
hard_heavy,449,False
hard_heavy,450,False
hard_heavy,451,False
hard_heavy,452,True
hard_heavy,453,False
hard_heavy,454,False
hard_heavy,455,True
hard_heavy,456,True
hard_heavy,457,True
hard_heavy,458,True
hard_heavy,459,False
hard_heavy,460,True
hard_heavy,461,False
hard_heavy,462,False
hard_heavy,463,False
hard_heavy,464,True
hard_heavy,465,True
hard_heavy,466,False
hard_heavy,467,False
hard_heavy,468,False
hard_heavy,469,True
hard_heavy,470,True
hard_heavy,471,False
hard_heavy,472,True
hard_heavy,473,False
hard_heavy,474,True
hard_heavy,475,False
hard_heavy,476,False
hard_heavy,477,False
hard_heavy,478,True
hard_heavy,479,False
hard_heavy,480,True
hard_heavy,481,False
hard_heavy,482,False
hard_heavy,483,False
hard_heavy,484,True
hard_heavy,485,True
hard_heavy,486,False
hard_heavy,487,True
hard_heavy,488,False
hard_heavy,489,False
hard_heavy,490,False
hard_heavy,491,False
hard_heavy,492,False
hard_heavy,493,False
hard_heavy,494,False
hard_heavy,495,False
hard_heavy,496,True
hard_heavy,497,False
hard_heavy,498,True
hard_heavy,499,False
hard_heavy,500,False
hard_heavy,501,False
hard_heavy,502,True
hard_heavy,503,False
hard_heavy,504,True
hard_heavy,505,True
hard_heavy,506,False
hard_heavy,507,False
hard_heavy,508,False
hard_heavy,509,True
hard_heavy,510,False
hard_heavy,511,False
hard_heavy,512,False
hard_heavy,513,False
hard_heavy,514,True
hard_heavy,515,False
hard_heavy,516,True
hard_heavy,517,True
hard_heavy,518,False
hard_heavy,519,False
hard_heavy,520,True
hard_heavy,521,True
hard_heavy,522,False
hard_heavy,523,False
hard_heavy,524,False
hard_heavy,525,False
hard_heavy,526,False
hard_heavy,527,False
hard_heavy,528,False
hard_heavy,529,False
hard_heavy,530,False
hard_heavy,531,False
hard_heavy,532,False
hard_heavy,533,True
hard_heavy,534,False
hard_heavy,535,False
hard_heavy,536,False
hard_heavy,537,False
hard_heavy,538,False
hard_heavy,539,False
hard_heavy,540,False
hard_heavy,541,False
hard_heavy,542,True
hard_heavy,543,False
hard_heavy,544,False
hard_heavy,545,False
hard_heavy,546,False
hard_heavy,547,False
hard_heavy,548,True
hard_heavy,549,False
hard_heavy,550,False
hard_heavy,551,True
hard_heavy,552,False
hard_heavy,553,False
hard_heavy,554,False
hard_heavy,555,False
hard_heavy,556,True
hard_heavy,557,False
hard_heavy,558,False
hard_heavy,559,True
hard_heavy,560,False
hard_heavy,561,False
hard_heavy,562,False
hard_heavy,563,False
hard_heavy,564,True
hard_heavy,565,False
hard_heavy,566,True
hard_heavy,567,True
hard_heavy,568,False
hard_heavy,569,True
hard_heavy,570,False
hard_heavy,571,False
hard_heavy,572,False
hard_heavy,573,False
hard_heavy,574,False
hard_heavy,575,False
hard_heavy,576,True
hard_heavy,577,False
hard_heavy,578,False
hard_heavy,579,False
hard_heavy,580,False
hard_heavy,581,False
hard_heavy,582,True
hard_heavy,583,True
hard_heavy,584,False
hard_heavy,585,False
hard_heavy,586,False
hard_heavy,587,True
hard_heavy,588,True
hard_heavy,589,False
hard_heavy,590,False
hard_heavy,591,True
hard_heavy,592,False
hard_heavy,593,False
hard_heavy,594,False
hard_heavy,595,False
hard_heavy,596,False
hard_heavy,597,False
hard_heavy,598,True
hard_heavy,599,True
hard_heavy,600,False
medium_heavy,11,False
medium_heavy,12,True
medium_heavy,13,False
medium_heavy,14,False
medium_heavy,15,False
medium_heavy,16,False
medium_heavy,17,True
medium_heavy,18,False
medium_heavy,19,True
medium_heavy,20,False
medium_heavy,21,False
medium_heavy,22,True
medium_heavy,23,False
medium_heavy,24,False
medium_heavy,25,False
medium_heavy,26,False
medium_heavy,27,False
medium_heavy,28,False
medium_heavy,29,False
medium_heavy,30,False
medium_heavy,31,False
medium_heavy,32,False
medium_heavy,33,False
medium_heavy,34,False
medium_heavy,35,False
medium_heavy,36,False
medium_heavy,37,False
medium_heavy,38,False
medium_heavy,39,False
medium_heavy,40,False
medium_heavy,41,True
medium_heavy,42,False
medium_heavy,43,False
medium_heavy,44,False
medium_heavy,45,True
medium_heavy,46,True
medium_heavy,47,False
medium_heavy,48,False
medium_heavy,49,False
medium_heavy,50,False
medium_heavy,51,True
medium_heavy,52,True
medium_heavy,53,False
medium_heavy,54,False
medium_heavy,55,False
medium_heavy,56,False
medium_heavy,57,False
medium_heavy,58,True
medium_heavy,59,False
medium_heavy,60,False
medium_heavy,61,False
medium_heavy,62,True
medium_heavy,63,False
medium_heavy,64,True
medium_heavy,65,True
medium_heavy,66,True
medium_heavy,67,False
medium_heavy,68,False
medium_heavy,69,False
medium_heavy,70,False
medium_heavy,71,True
medium_heavy,72,False
medium_heavy,73,False
medium_heavy,74,True
medium_heavy,75,False
medium_heavy,76,False
medium_heavy,77,False
medium_heavy,78,False
medium_heavy,79,True
medium_heavy,80,True
medium_heavy,81,False
medium_heavy,82,False
medium_heavy,83,False
medium_heavy,84,False
medium_heavy,85,False
medium_heavy,86,False
medium_heavy,87,False
medium_heavy,88,False
medium_heavy,89,False
medium_heavy,90,True
medium_heavy,91,False
medium_heavy,92,False
medium_heavy,93,False
medium_heavy,94,False
medium_heavy,95,True
medium_heavy,96,True
medium_heavy,97,True
medium_heavy,98,False
medium_heavy,99,True
medium_heavy,100,False
medium_heavy,101,False
medium_heavy,102,False
medium_heavy,103,False
medium_heavy,104,True
medium_heavy,105,True
medium_heavy,106,True
medium_heavy,107,False
medium_heavy,108,False
medium_heavy,109,False
medium_heavy,110,False
medium_heavy,111,False
medium_heavy,112,False
medium_heavy,113,True
medium_heavy,114,False
medium_heavy,115,True
medium_heavy,116,True
medium_heavy,117,False
medium_heavy,118,False
medium_heavy,119,False
medium_heavy,120,False
medium_heavy,121,False
medium_heavy,122,False
medium_heavy,123,False
medium_heavy,124,False
medium_heavy,125,False
medium_heavy,126,False
medium_heavy,127,True
medium_heavy,128,False
medium_heavy,129,True
medium_heavy,130,False
medium_heavy,131,False
medium_heavy,132,True
medium_heavy,133,True
medium_heavy,134,False
medium_heavy,135,True
medium_heavy,136,False
medium_heavy,137,False
medium_heavy,138,False
medium_heavy,139,False
medium_heavy,140,False
medium_heavy,141,False
medium_heavy,142,False
medium_heavy,143,False
medium_heavy,144,False
medium_heavy,145,False
medium_heavy,146,False
medium_heavy,147,False
medium_heavy,148,False
medium_heavy,149,False
medium_heavy,150,False
medium_heavy,151,False
medium_heavy,152,True
medium_heavy,153,True
medium_heavy,154,True
medium_heavy,155,False
medium_heavy,156,False
medium_heavy,157,False
medium_heavy,158,False
medium_heavy,159,False
medium_heavy,160,False
medium_heavy,161,True
medium_heavy,162,False
medium_heavy,163,False
medium_heavy,164,False
medium_heavy,165,False
medium_heavy,166,False
medium_heavy,167,False
medium_heavy,168,True
medium_heavy,169,False
medium_heavy,170,False
medium_heavy,171,True
medium_heavy,172,False
medium_heavy,173,False
medium_heavy,174,False
medium_heavy,175,False
medium_heavy,176,True
medium_heavy,177,False
medium_heavy,178,True
medium_heavy,179,False
medium_heavy,180,False
medium_heavy,181,False
medium_heavy,182,False
medium_heavy,183,False
medium_heavy,184,True
medium_heavy,185,False
medium_heavy,186,False
medium_heavy,187,False
medium_heavy,188,False
medium_heavy,189,False
medium_heavy,190,False
medium_heavy,191,False
medium_heavy,192,False
medium_heavy,193,False
medium_heavy,194,True
medium_heavy,195,False
medium_heavy,196,False
medium_heavy,197,True
medium_heavy,198,False
medium_heavy,199,False
medium_heavy,200,False
medium_heavy,201,True
medium_heavy,202,False
medium_heavy,203,True
medium_heavy,204,True
medium_heavy,205,False
medium_heavy,206,False
medium_heavy,207,False
medium_heavy,208,False
medium_heavy,209,False
medium_heavy,210,False
medium_heavy,211,False
medium_heavy,212,True
medium_heavy,213,False
medium_heavy,214,False
medium_heavy,215,False
medium_heavy,216,True
medium_heavy,217,False
medium_heavy,218,False
medium_heavy,219,False
medium_heavy,220,False
medium_heavy,221,True
medium_heavy,222,True
medium_heavy,223,True
medium_heavy,224,False
medium_heavy,225,True
medium_heavy,226,True
medium_heavy,227,True
medium_heavy,228,False
medium_heavy,229,False
medium_heavy,230,True
medium_heavy,231,False
medium_heavy,232,True
medium_heavy,233,False
medium_heavy,234,True
medium_heavy,235,False
medium_heavy,236,False
medium_heavy,237,False
medium_heavy,238,False
medium_heavy,239,False
medium_heavy,240,False
medium_heavy,241,False
medium_heavy,242,True
medium_heavy,243,False
medium_heavy,244,True
medium_heavy,245,False
medium_heavy,246,False
medium_heavy,247,True
medium_heavy,248,True
medium_heavy,249,False
medium_heavy,250,True
medium_heavy,251,False
medium_heavy,252,False
medium_heavy,253,True
medium_heavy,254,False
medium_heavy,255,False
medium_heavy,256,False
medium_heavy,257,True
medium_heavy,258,True
medium_heavy,259,False
medium_heavy,260,False
medium_heavy,261,False
medium_heavy,262,True
medium_heavy,263,True
medium_heavy,264,False
medium_heavy,265,False
medium_heavy,266,True
medium_heavy,267,False
medium_heavy,268,False
medium_heavy,269,True
medium_heavy,270,True
medium_heavy,271,False
medium_heavy,272,False
medium_heavy,273,True
medium_heavy,274,False
medium_heavy,275,False
medium_heavy,276,False
medium_heavy,277,True
medium_heavy,278,False
medium_heavy,279,False
medium_heavy,280,False
medium_heavy,281,True
medium_heavy,282,False
medium_heavy,283,False
medium_heavy,284,True
medium_heavy,285,False
medium_heavy,286,False
medium_heavy,287,False
medium_heavy,288,False
medium_heavy,289,False
medium_heavy,290,True
medium_heavy,291,False
medium_heavy,292,False
medium_heavy,293,False
medium_heavy,294,False
medium_heavy,295,False
medium_heavy,296,False
medium_heavy,297,True
medium_heavy,298,False
medium_heavy,299,False
medium_heavy,300,False
medium_heavy,301,False
medium_heavy,302,False
medium_heavy,303,False
medium_heavy,304,False
medium_heavy,305,False
medium_heavy,306,False
medium_heavy,307,False
medium_heavy,308,False
medium_heavy,309,True
medium_heavy,310,False
medium_heavy,311,False
medium_heavy,312,False
medium_heavy,313,False
medium_heavy,314,False
medium_heavy,315,False
medium_heavy,316,False
medium_heavy,317,False
medium_heavy,318,False
medium_heavy,319,False
medium_heavy,320,False
medium_heavy,321,False
medium_heavy,322,True
medium_heavy,323,False
medium_heavy,324,False
medium_heavy,325,False
medium_heavy,326,False
medium_heavy,327,True
medium_heavy,328,False
medium_heavy,329,True
medium_heavy,330,False
medium_heavy,331,True
medium_heavy,332,True
medium_heavy,333,False
medium_heavy,334,True
medium_heavy,335,True
medium_heavy,336,False
medium_heavy,337,False
medium_heavy,338,False
medium_heavy,339,False
medium_heavy,340,False
medium_heavy,341,False
medium_heavy,342,False
medium_heavy,343,False
medium_heavy,344,False
medium_heavy,345,False
medium_heavy,346,False
medium_heavy,347,False
medium_heavy,348,False
medium_heavy,349,False
medium_heavy,350,False
medium_heavy,351,False
medium_heavy,352,True
medium_heavy,353,False
medium_heavy,354,False
medium_heavy,355,False
medium_heavy,356,True
medium_heavy,357,False
medium_heavy,358,True
medium_heavy,359,False
medium_heavy,360,False
medium_heavy,361,True
medium_heavy,362,False
medium_heavy,363,True
medium_heavy,364,False
medium_heavy,365,True
medium_heavy,366,True
medium_heavy,367,False
medium_heavy,368,False
medium_heavy,369,False
medium_heavy,370,False
medium_heavy,371,False
medium_heavy,372,False
medium_heavy,373,True
medium_heavy,374,False
medium_heavy,375,False
medium_heavy,376,False
medium_heavy,377,True
medium_heavy,378,True
medium_heavy,379,True
medium_heavy,380,False
medium_heavy,381,True
medium_heavy,382,False
medium_heavy,383,False
medium_heavy,384,False
medium_heavy,385,False
medium_heavy,386,False
medium_heavy,387,False
medium_heavy,388,False
medium_heavy,389,True
medium_heavy,390,False
medium_heavy,391,False
medium_heavy,392,False
medium_heavy,393,False
medium_heavy,394,True
medium_heavy,395,False
medium_heavy,396,False
medium_heavy,397,False
medium_heavy,398,False
medium_heavy,399,True
medium_heavy,400,False
medium_heavy,401,False
medium_heavy,402,False
medium_heavy,403,False
medium_heavy,404,True
medium_heavy,405,False
medium_heavy,406,True
medium_heavy,407,False
medium_heavy,408,False
medium_heavy,409,False
medium_heavy,410,False
medium_heavy,411,False
medium_heavy,412,True
medium_heavy,413,True
medium_heavy,414,True
medium_heavy,415,False
medium_heavy,416,False
medium_heavy,417,False
medium_heavy,418,False
medium_heavy,419,False
medium_heavy,420,False
medium_heavy,421,False
medium_heavy,422,False
medium_heavy,423,False
medium_heavy,424,True
medium_heavy,425,True
medium_heavy,426,True
medium_heavy,427,False
medium_heavy,428,True
medium_heavy,429,False
medium_heavy,430,False
medium_heavy,431,False
medium_heavy,432,False
medium_heavy,433,False
medium_heavy,434,False
medium_heavy,435,False
medium_heavy,436,False
medium_heavy,437,False
medium_heavy,438,False
medium_heavy,439,True
medium_heavy,440,False
medium_heavy,441,True
medium_heavy,442,False
medium_heavy,443,True
medium_heavy,444,False
medium_heavy,445,False
medium_heavy,446,False
medium_heavy,447,True
medium_heavy,448,False
medium_heavy,449,False
medium_heavy,450,False
medium_heavy,451,False
medium_heavy,452,False
medium_heavy,453,False
medium_heavy,454,False
medium_heavy,455,False
medium_heavy,456,False
medium_heavy,457,True
medium_heavy,458,True
medium_heavy,459,False
medium_heavy,460,False
medium_heavy,461,False
medium_heavy,462,False
medium_heavy,463,False
medium_heavy,464,True
medium_heavy,465,True
medium_heavy,466,False
medium_heavy,467,True
medium_heavy,468,False
medium_heavy,469,False
medium_heavy,470,False
medium_heavy,471,False
medium_heavy,472,False
medium_heavy,473,False
medium_heavy,474,True
medium_heavy,475,False
medium_heavy,476,True
medium_heavy,477,True
medium_heavy,478,True
medium_heavy,479,False
medium_heavy,480,True
medium_heavy,481,False
medium_heavy,482,False
medium_heavy,483,False
medium_heavy,484,False
medium_heavy,485,False
medium_heavy,486,False
medium_heavy,487,True
medium_heavy,488,False
medium_heavy,489,False
medium_heavy,490,False
medium_heavy,491,False
medium_heavy,492,False
medium_heavy,493,False
medium_heavy,494,True
medium_heavy,495,False
medium_heavy,496,False
medium_heavy,497,False
medium_heavy,498,True
medium_heavy,499,False
medium_heavy,500,False
medium_heavy,501,False
medium_heavy,502,True
medium_heavy,503,False
medium_heavy,504,True
medium_heavy,505,True
medium_heavy,506,False
medium_heavy,507,True
medium_heavy,508,False
medium_heavy,509,False
medium_heavy,510,False
medium_heavy,511,False
medium_heavy,512,False
medium_heavy,513,True
medium_heavy,514,True
medium_heavy,515,False
medium_heavy,516,False
medium_heavy,517,True
medium_heavy,518,False
medium_heavy,519,False
medium_heavy,520,False
medium_heavy,521,False
medium_heavy,522,False
medium_heavy,523,False
medium_heavy,524,False
medium_heavy,525,False
medium_heavy,526,False
medium_heavy,527,False
medium_heavy,528,False
medium_heavy,529,False
medium_heavy,530,False
medium_heavy,531,False
medium_heavy,532,False
medium_heavy,533,False
medium_heavy,534,False
medium_heavy,535,False
medium_heavy,536,False
medium_heavy,537,False
medium_heavy,538,False
medium_heavy,539,False
medium_heavy,540,False
medium_heavy,541,True
medium_heavy,542,False
medium_heavy,543,True
medium_heavy,544,False
medium_heavy,545,False
medium_heavy,546,True
medium_heavy,547,False
medium_heavy,548,False
medium_heavy,549,True
medium_heavy,550,False
medium_heavy,551,True
medium_heavy,552,False
medium_heavy,553,False
medium_heavy,554,False
medium_heavy,555,False
medium_heavy,556,True
medium_heavy,557,True
medium_heavy,558,False
medium_heavy,559,False
medium_heavy,560,False
medium_heavy,561,False
medium_heavy,562,False
medium_heavy,563,False
medium_heavy,564,False
medium_heavy,565,True
medium_heavy,566,True
medium_heavy,567,True
medium_heavy,568,False
medium_heavy,569,True
medium_heavy,570,False
medium_heavy,571,False
medium_heavy,572,False
medium_heavy,573,False
medium_heavy,574,False
medium_heavy,575,False
medium_heavy,576,False
medium_heavy,577,False
medium_heavy,578,False
medium_heavy,579,False
medium_heavy,580,False
medium_heavy,581,False
medium_heavy,582,False
medium_heavy,583,False
medium_heavy,584,False
medium_heavy,585,False
medium_heavy,586,True
medium_heavy,587,True
medium_heavy,588,True
medium_heavy,589,False
medium_heavy,590,False
medium_heavy,591,True
medium_heavy,592,False
medium_heavy,593,False
medium_heavy,594,False
medium_heavy,595,False
medium_heavy,596,False
medium_heavy,597,False
medium_heavy,598,True
medium_heavy,599,True
medium_heavy,600,False
